<?xml version="1.0" encoding="utf-8" standalone="yes" ?>
<rss version="2.0" xmlns:atom="http://www.w3.org/2005/Atom">
  <channel>
    <title>Themes on Minimal</title>
    <link>http://bollyblogart.com/tags/themes/</link>
    <description>Recent content in Themes on Minimal</description>
    <generator>Hugo -- gohugo.io</generator>
    <language>en-us</language>
    <lastBuildDate>Sun, 28 Sep 2014 00:00:00 +0000</lastBuildDate>
    
	<atom:link href="http://bollyblogart.com/tags/themes/index.xml" rel="self" type="application/rss+xml" />
    
    
    <item>
      <title>Creating a New Theme</title>
      <link>http://bollyblogart.com/post/creating-a-new-theme/</link>
      <pubDate>Sun, 28 Sep 2014 00:00:00 +0000</pubDate>
      
      <guid>http://bollyblogart.com/post/creating-a-new-theme/</guid>
      <description>Introduction This tutorial will show you how to create a simple theme in Hugo. I assume that you are familiar with HTML, the bash command line, and that you are comfortable using Markdown to format content. I&amp;rsquo;ll explain how Hugo uses templates and how you can organize your templates to create a theme. I won&amp;rsquo;t cover using CSS to style your theme.
We&amp;rsquo;ll start with creating a new site with a very basic template.</description>
    </item>
    
    <item>
      <title>(Hu)go Template Primer</title>
      <link>http://bollyblogart.com/post/goisforlovers/</link>
      <pubDate>Wed, 02 Apr 2014 00:00:00 +0000</pubDate>
      
      <guid>http://bollyblogart.com/post/goisforlovers/</guid>
      <description>Hugo uses the excellent go html/template library for its template engine. It is an extremely lightweight engine that provides a very small amount of logic. In our experience that it is just the right amount of logic to be able to create a good static website. If you have used other template systems from different languages or frameworks you will find a lot of similarities in go templates.
This document is a brief primer on using go templates.</description>
    </item>
    
  </channel>
</rss>