<?xml version="1.0" encoding="utf-8" standalone="yes" ?>
<rss version="2.0" xmlns:atom="http://www.w3.org/2005/Atom">
  <channel>
    <title>Minimal</title>
    <link>http://bollyblogart.com/</link>
    <description>Recent content on Minimal</description>
    <generator>Hugo -- gohugo.io</generator>
    <language>en-us</language>
    <lastBuildDate>Tue, 17 Oct 2017 11:40:09 -0700</lastBuildDate>
    
	<atom:link href="http://bollyblogart.com/index.xml" rel="self" type="application/rss+xml" />
    
    
    <item>
      <title>Real-time Big Data/Hadoop Visualization &amp; App Metrics Framework by DataTorrent</title>
      <link>http://bollyblogart.com/post/datatorrent/</link>
      <pubDate>Tue, 17 Oct 2017 11:40:09 -0700</pubDate>
      
      <guid>http://bollyblogart.com/post/datatorrent/</guid>
      <description>What is Data Torrent RTS(Architecture, Application, Native Hadoop Integration)? DataTorrent RTS 3.9 has a new feature for real time big data visualization - &amp;ldquo;Metrics Framework&amp;rdquo;. In this framework, one will be able to define some meaningful metrics, derived from data in motion, coming out of the real-time applications running on DataTorrent RTS. These metrics are captured by the platform and allows the user to visualize them on an interactive dashboard for business analysis.</description>
    </item>
    
    <item>
      <title>AWS Service Catalog</title>
      <link>http://bollyblogart.com/post/servicecatalog/</link>
      <pubDate>Fri, 06 Oct 2017 09:06:48 -0700</pubDate>
      
      <guid>http://bollyblogart.com/post/servicecatalog/</guid>
      <description>AWS service catalog allows organizations to create and manage catalogs of IT services. It enables users to quickly deploy the approved IT services they need in a self-service matter. It eliminates the long wait for approvals/tickets and fastens the deployment process for the developers. Service catalog brings agility to the developers in the self-service manner.
Why should I use AWS Service Catalog?  Self service -Increase agility with access to services -Improve employee satisfaction</description>
    </item>
    
    <item>
      <title>Creating a New Theme</title>
      <link>http://bollyblogart.com/post/creating-a-new-theme/</link>
      <pubDate>Sun, 28 Sep 2014 00:00:00 +0000</pubDate>
      
      <guid>http://bollyblogart.com/post/creating-a-new-theme/</guid>
      <description>Introduction This tutorial will show you how to create a simple theme in Hugo. I assume that you are familiar with HTML, the bash command line, and that you are comfortable using Markdown to format content. I&amp;rsquo;ll explain how Hugo uses templates and how you can organize your templates to create a theme. I won&amp;rsquo;t cover using CSS to style your theme.
We&amp;rsquo;ll start with creating a new site with a very basic template.</description>
    </item>
    
    <item>
      <title>(Hu)go Template Primer</title>
      <link>http://bollyblogart.com/post/goisforlovers/</link>
      <pubDate>Wed, 02 Apr 2014 00:00:00 +0000</pubDate>
      
      <guid>http://bollyblogart.com/post/goisforlovers/</guid>
      <description>Hugo uses the excellent go html/template library for its template engine. It is an extremely lightweight engine that provides a very small amount of logic. In our experience that it is just the right amount of logic to be able to create a good static website. If you have used other template systems from different languages or frameworks you will find a lot of similarities in go templates.
This document is a brief primer on using go templates.</description>
    </item>
    
    <item>
      <title>Migrate from Jekyll</title>
      <link>http://bollyblogart.com/post/migrate-from-jekyll/</link>
      <pubDate>Mon, 10 Mar 2014 00:00:00 +0000</pubDate>
      
      <guid>http://bollyblogart.com/post/migrate-from-jekyll/</guid>
      <description>Move static content to static Jekyll has a rule that any directory not starting with _ will be copied as-is to the _site output. Hugo keeps all static content under static. You should therefore move it all there. With Jekyll, something that looked like
▾ &amp;lt;root&amp;gt;/ ▾ images/ logo.png  should become
▾ &amp;lt;root&amp;gt;/ ▾ static/ ▾ images/ logo.png  Additionally, you&amp;rsquo;ll want any files that should reside at the root (such as CNAME) to be moved to static.</description>
    </item>
    
    <item>
      <title></title>
      <link>http://bollyblogart.com/post/hugoisforlovers/</link>
      <pubDate>Mon, 01 Jan 0001 00:00:00 +0000</pubDate>
      
      <guid>http://bollyblogart.com/post/hugoisforlovers/</guid>
      <description>&amp;ndash; title: &amp;ldquo;Getting Started with Hugo&amp;rdquo; date: 2014-04-02 tags: [&amp;ldquo;go&amp;rdquo;, &amp;ldquo;golang&amp;rdquo;, &amp;ldquo;hugo&amp;rdquo;, &amp;ldquo;development&amp;rdquo;]
draft: false Step 1. Install Hugo Goto hugo releases and download the appropriate version for your os and architecture.
Save it somewhere specific as we will be using it in the next step.
More complete instructions are available at installing hugo
Step 2. Build the Docs Hugo has its own example site which happens to also be the documentation site you are reading right now.</description>
    </item>
    
  </channel>
</rss>