<?xml version="1.0" encoding="utf-8" standalone="yes" ?>
<rss version="2.0" xmlns:atom="http://www.w3.org/2005/Atom">
  <channel>
    <title>Tags on Minimal</title>
    <link>http://bollyblogart.com/tags/</link>
    <description>Recent content in Tags on Minimal</description>
    <generator>Hugo -- gohugo.io</generator>
    <language>en-us</language>
    <lastBuildDate>Wed, 02 Apr 2014 00:00:00 +0000</lastBuildDate>
    
	<atom:link href="http://bollyblogart.com/tags/index.xml" rel="self" type="application/rss+xml" />
    
    
    <item>
      <title>Development</title>
      <link>http://bollyblogart.com/tags/development/</link>
      <pubDate>Wed, 02 Apr 2014 00:00:00 +0000</pubDate>
      
      <guid>http://bollyblogart.com/tags/development/</guid>
      <description></description>
    </item>
    
    <item>
      <title>Go</title>
      <link>http://bollyblogart.com/tags/go/</link>
      <pubDate>Sun, 28 Sep 2014 00:00:00 +0000</pubDate>
      
      <guid>http://bollyblogart.com/tags/go/</guid>
      <description></description>
    </item>
    
    <item>
      <title>Golang</title>
      <link>http://bollyblogart.com/tags/golang/</link>
      <pubDate>Sun, 28 Sep 2014 00:00:00 +0000</pubDate>
      
      <guid>http://bollyblogart.com/tags/golang/</guid>
      <description></description>
    </item>
    
    <item>
      <title>Hugo</title>
      <link>http://bollyblogart.com/tags/hugo/</link>
      <pubDate>Sun, 28 Sep 2014 00:00:00 +0000</pubDate>
      
      <guid>http://bollyblogart.com/tags/hugo/</guid>
      <description></description>
    </item>
    
    <item>
      <title>Jekyll</title>
      <link>http://bollyblogart.com/tags/jekyll/</link>
      <pubDate>Mon, 10 Mar 2014 00:00:00 +0000</pubDate>
      
      <guid>http://bollyblogart.com/tags/jekyll/</guid>
      <description></description>
    </item>
    
    <item>
      <title>Static Site Generator</title>
      <link>http://bollyblogart.com/tags/static-site-generator/</link>
      <pubDate>Mon, 10 Mar 2014 00:00:00 +0000</pubDate>
      
      <guid>http://bollyblogart.com/tags/static-site-generator/</guid>
      <description></description>
    </item>
    
    <item>
      <title>Template</title>
      <link>http://bollyblogart.com/tags/template/</link>
      <pubDate>Wed, 02 Apr 2014 00:00:00 +0000</pubDate>
      
      <guid>http://bollyblogart.com/tags/template/</guid>
      <description></description>
    </item>
    
    <item>
      <title>Themes</title>
      <link>http://bollyblogart.com/tags/themes/</link>
      <pubDate>Sun, 28 Sep 2014 00:00:00 +0000</pubDate>
      
      <guid>http://bollyblogart.com/tags/themes/</guid>
      <description></description>
    </item>
    
  </channel>
</rss>